{"cameraMode":{"drawMode":0,"name":"Shaded","section":"Shading Mode"},"sceneLighting":false,"audioPlay":false,"sceneViewState":{"showFog":false,"showMaterialUpdate":false,"showSkybox":false,"showFlares":false,"showImageEffects":false,"showParticleSystems":false},"in2DMode":false,"pivot":{"x":5.960464477539063e-8,"y":-0.70633864402771,"z":0.03568944334983826},"rotation":{"x":-0.14063918590545655,"y":-0.05284705013036728,"z":0.0075161815620958809,"w":-0.9886220097541809},"size":1.024373173713684,"orthographic":false}