{"cameraMode":{"drawMode":0,"name":"Shaded","section":"Shading Mode"},"sceneLighting":false,"audioPlay":false,"sceneViewState":{"showFog":false,"showMaterialUpdate":false,"showSkybox":false,"showFlares":false,"showImageEffects":false,"showParticleSystems":false},"in2DMode":false,"pivot":{"x":0.0037279711104929449,"y":0.019803352653980256,"z":1.0876868963241578},"rotation":{"x":-0.031185412779450418,"y":0.001496414071880281,"z":0.000048182606406044215,"w":0.9995126724243164},"size":0.7243731617927551,"orthographic":false}