{"cameraMode":{"drawMode":0,"name":"Shaded","section":"Shading Mode"},"sceneLighting":false,"audioPlay":false,"sceneViewState":{"showFog":false,"showMaterialUpdate":false,"showSkybox":false,"showFlares":false,"showImageEffects":false,"showParticleSystems":false},"in2DMode":false,"pivot":{"x":0.4607962667942047,"y":0.8008943200111389,"z":-0.5850648880004883},"rotation":{"x":-0.0039806365966796879,"y":-0.9908881187438965,"z":0.030042963102459909,"w":-0.13126793503761292},"size":0.9366044998168945,"orthographic":false}