{"cameraMode":{"drawMode":0,"name":"Shaded","section":"Shading Mode"},"sceneLighting":true,"audioPlay":false,"sceneViewState":{"showFog":false,"showMaterialUpdate":false,"showSkybox":false,"showFlares":false,"showImageEffects":false,"showParticleSystems":false},"in2DMode":false,"pivot":{"x":0.8097472786903381,"y":-1.572460412979126,"z":4.524379253387451},"rotation":{"x":-0.14063918590545655,"y":-0.05284705013036728,"z":0.0075161815620958809,"w":-0.9886220097541809},"size":2.824373245239258,"orthographic":false}