{"cameraMode":{"drawMode":0,"name":"Shaded","section":"Shading Mode"},"sceneLighting":false,"audioPlay":false,"sceneViewState":{"showFog":false,"showMaterialUpdate":false,"showSkybox":false,"showFlares":false,"showImageEffects":false,"showParticleSystems":false},"in2DMode":false,"pivot":{"x":-0.4627586901187897,"y":1.152554988861084,"z":-1.4768377542495728},"rotation":{"x":0.009309842251241207,"y":-0.9902450442314148,"z":0.08219016343355179,"w":0.11216753721237183},"size":1.024373173713684,"orthographic":false}